<?xml version="1.0" encoding="utf-8"?>
<Watchface name="Material You Green" width="192" height="490" id="000000000000" SKU="false" compressMethod="RLEReversed" support_literal="false" editable="true">
    <Resources>
        <Translation name="Translation1">
            <Item language="zh_CN" str="底部卡路里组件"/>
            <Item language="en_US" str="底部卡路里组件"/>
            <Item language="zh_TW" str="底部卡路里组件"/>
            <Item language="ja_JP" str="底部卡路里组件"/>
            <Item language="es_ES" str="底部卡路里组件"/>
            <Item language="fr_FR" str="底部卡路里组件"/>
            <Item language="de_DE" str="底部卡路里组件"/>
            <Item language="ru_RU" str="底部卡路里组件"/>
            <Item language="pt_BR" str="底部卡路里组件"/>
            <Item language="pt_PT" str="底部卡路里组件"/>
            <Item language="it_IT" str="底部卡路里组件"/>
            <Item language="ko_KR" str="底部卡路里组件"/>
            <Item language="tr_TR" str="底部卡路里组件"/>
            <Item language="nl_NL" str="底部卡路里组件"/>
            <Item language="th_TH" str="底部卡路里组件"/>
            <Item language="sv_SE" str="底部卡路里组件"/>
            <Item language="da_DK" str="底部卡路里组件"/>
            <Item language="vi_VN" str="底部卡路里组件"/>
            <Item language="nb_NO" str="底部卡路里组件"/>
            <Item language="pl_PL" str="底部卡路里组件"/>
            <Item language="fi_FI" str="底部卡路里组件"/>
            <Item language="in_ID" str="底部卡路里组件"/>
            <Item language="el_GR" str="底部卡路里组件"/>
            <Item language="ro_RO" str="底部卡路里组件"/>
            <Item language="cs_CZ" str="底部卡路里组件"/>
            <Item language="uk_UA" str="底部卡路里组件"/>
            <Item language="sk_SK" str="底部卡路里组件"/>
            <Item language="hu_HU" str="底部卡路里组件"/>
            <Item language="ar_EG" str="底部卡路里组件"/>
            <Item language="iw_IL" str="底部卡路里组件"/>
            <Item language="zh_HK" str="底部卡路里组件"/>
        </Translation>
        <Translation name="Translation2">
            <Item language="zh_CN" str="底部步数组件"/>
            <Item language="en_US" str="底部步数组件"/>
            <Item language="zh_TW" str="底部步数组件"/>
            <Item language="ja_JP" str="底部步数组件"/>
            <Item language="es_ES" str="底部步数组件"/>
            <Item language="fr_FR" str="底部步数组件"/>
            <Item language="de_DE" str="底部步数组件"/>
            <Item language="ru_RU" str="底部步数组件"/>
            <Item language="pt_BR" str="底部步数组件"/>
            <Item language="pt_PT" str="底部步数组件"/>
            <Item language="it_IT" str="底部步数组件"/>
            <Item language="ko_KR" str="底部步数组件"/>
            <Item language="tr_TR" str="底部步数组件"/>
            <Item language="nl_NL" str="底部步数组件"/>
            <Item language="th_TH" str="底部步数组件"/>
            <Item language="sv_SE" str="底部步数组件"/>
            <Item language="da_DK" str="底部步数组件"/>
            <Item language="vi_VN" str="底部步数组件"/>
            <Item language="nb_NO" str="底部步数组件"/>
            <Item language="pl_PL" str="底部步数组件"/>
            <Item language="fi_FI" str="底部步数组件"/>
            <Item language="in_ID" str="底部步数组件"/>
            <Item language="el_GR" str="底部步数组件"/>
            <Item language="ro_RO" str="底部步数组件"/>
            <Item language="cs_CZ" str="底部步数组件"/>
            <Item language="uk_UA" str="底部步数组件"/>
            <Item language="sk_SK" str="底部步数组件"/>
            <Item language="hu_HU" str="底部步数组件"/>
            <Item language="ar_EG" str="底部步数组件"/>
            <Item language="iw_IL" str="底部步数组件"/>
            <Item language="zh_HK" str="底部步数组件"/>
        </Translation>
        <Translation name="Translation3">
            <Item language="zh_CN" str="顶部卡路里组件"/>
            <Item language="en_US" str="顶部卡路里组件"/>
            <Item language="zh_TW" str="顶部卡路里组件"/>
            <Item language="ja_JP" str="顶部卡路里组件"/>
            <Item language="es_ES" str="顶部卡路里组件"/>
            <Item language="fr_FR" str="顶部卡路里组件"/>
            <Item language="de_DE" str="顶部卡路里组件"/>
            <Item language="ru_RU" str="顶部卡路里组件"/>
            <Item language="pt_BR" str="顶部卡路里组件"/>
            <Item language="pt_PT" str="顶部卡路里组件"/>
            <Item language="it_IT" str="顶部卡路里组件"/>
            <Item language="ko_KR" str="顶部卡路里组件"/>
            <Item language="tr_TR" str="顶部卡路里组件"/>
            <Item language="nl_NL" str="顶部卡路里组件"/>
            <Item language="th_TH" str="顶部卡路里组件"/>
            <Item language="sv_SE" str="顶部卡路里组件"/>
            <Item language="da_DK" str="顶部卡路里组件"/>
            <Item language="vi_VN" str="顶部卡路里组件"/>
            <Item language="nb_NO" str="顶部卡路里组件"/>
            <Item language="pl_PL" str="顶部卡路里组件"/>
            <Item language="fi_FI" str="顶部卡路里组件"/>
            <Item language="in_ID" str="顶部卡路里组件"/>
            <Item language="el_GR" str="顶部卡路里组件"/>
            <Item language="ro_RO" str="顶部卡路里组件"/>
            <Item language="cs_CZ" str="顶部卡路里组件"/>
            <Item language="uk_UA" str="顶部卡路里组件"/>
            <Item language="sk_SK" str="顶部卡路里组件"/>
            <Item language="hu_HU" str="顶部卡路里组件"/>
            <Item language="ar_EG" str="顶部卡路里组件"/>
            <Item language="iw_IL" str="顶部卡路里组件"/>
            <Item language="zh_HK" str="顶部卡路里组件"/>
        </Translation>
        <Translation name="Translation4">
            <Item language="zh_CN" str="顶部步数组件"/>
            <Item language="en_US" str="顶部步数组件"/>
            <Item language="zh_TW" str="顶部步数组件"/>
            <Item language="ja_JP" str="顶部步数组件"/>
            <Item language="es_ES" str="顶部步数组件"/>
            <Item language="fr_FR" str="顶部步数组件"/>
            <Item language="de_DE" str="顶部步数组件"/>
            <Item language="ru_RU" str="顶部步数组件"/>
            <Item language="pt_BR" str="顶部步数组件"/>
            <Item language="pt_PT" str="顶部步数组件"/>
            <Item language="it_IT" str="顶部步数组件"/>
            <Item language="ko_KR" str="顶部步数组件"/>
            <Item language="tr_TR" str="顶部步数组件"/>
            <Item language="nl_NL" str="顶部步数组件"/>
            <Item language="th_TH" str="顶部步数组件"/>
            <Item language="sv_SE" str="顶部步数组件"/>
            <Item language="da_DK" str="顶部步数组件"/>
            <Item language="vi_VN" str="顶部步数组件"/>
            <Item language="nb_NO" str="顶部步数组件"/>
            <Item language="pl_PL" str="顶部步数组件"/>
            <Item language="fi_FI" str="顶部步数组件"/>
            <Item language="in_ID" str="顶部步数组件"/>
            <Item language="el_GR" str="顶部步数组件"/>
            <Item language="ro_RO" str="顶部步数组件"/>
            <Item language="cs_CZ" str="顶部步数组件"/>
            <Item language="uk_UA" str="顶部步数组件"/>
            <Item language="sk_SK" str="顶部步数组件"/>
            <Item language="hu_HU" str="顶部步数组件"/>
            <Item language="ar_EG" str="顶部步数组件"/>
            <Item language="iw_IL" str="顶部步数组件"/>
            <Item language="zh_HK" str="顶部步数组件"/>
        </Translation>
        <Translation name="Translation5">
            <Item language="zh_CN" str="紫外线强度"/>
            <Item language="en_US" str="紫外线强度"/>
            <Item language="zh_TW" str="紫外线强度"/>
            <Item language="ja_JP" str="紫外线强度"/>
            <Item language="es_ES" str="紫外线强度"/>
            <Item language="fr_FR" str="紫外线强度"/>
            <Item language="de_DE" str="紫外线强度"/>
            <Item language="ru_RU" str="紫外线强度"/>
            <Item language="pt_BR" str="紫外线强度"/>
            <Item language="pt_PT" str="紫外线强度"/>
            <Item language="it_IT" str="紫外线强度"/>
            <Item language="ko_KR" str="紫外线强度"/>
            <Item language="tr_TR" str="紫外线强度"/>
            <Item language="nl_NL" str="紫外线强度"/>
            <Item language="th_TH" str="紫外线强度"/>
            <Item language="sv_SE" str="紫外线强度"/>
            <Item language="da_DK" str="紫外线强度"/>
            <Item language="vi_VN" str="紫外线强度"/>
            <Item language="nb_NO" str="紫外线强度"/>
            <Item language="pl_PL" str="紫外线强度"/>
            <Item language="fi_FI" str="紫外线强度"/>
            <Item language="in_ID" str="紫外线强度"/>
            <Item language="el_GR" str="紫外线强度"/>
            <Item language="ro_RO" str="紫外线强度"/>
            <Item language="cs_CZ" str="紫外线强度"/>
            <Item language="uk_UA" str="紫外线强度"/>
            <Item language="sk_SK" str="紫外线强度"/>
            <Item language="hu_HU" str="紫外线强度"/>
            <Item language="ar_EG" str="紫外线强度"/>
            <Item language="iw_IL" str="紫外线强度"/>
            <Item language="zh_HK" str="紫外线强度"/>
        </Translation>
        <Translation name="Translation6">
            <Item language="zh_CN" str="湿度"/>
            <Item language="en_US" str="湿度"/>
            <Item language="zh_TW" str="湿度"/>
            <Item language="ja_JP" str="湿度"/>
            <Item language="es_ES" str="湿度"/>
            <Item language="fr_FR" str="湿度"/>
            <Item language="de_DE" str="湿度"/>
            <Item language="ru_RU" str="湿度"/>
            <Item language="pt_BR" str="湿度"/>
            <Item language="pt_PT" str="湿度"/>
            <Item language="it_IT" str="湿度"/>
            <Item language="ko_KR" str="湿度"/>
            <Item language="tr_TR" str="湿度"/>
            <Item language="nl_NL" str="湿度"/>
            <Item language="th_TH" str="湿度"/>
            <Item language="sv_SE" str="湿度"/>
            <Item language="da_DK" str="湿度"/>
            <Item language="vi_VN" str="湿度"/>
            <Item language="nb_NO" str="湿度"/>
            <Item language="pl_PL" str="湿度"/>
            <Item language="fi_FI" str="湿度"/>
            <Item language="in_ID" str="湿度"/>
            <Item language="el_GR" str="湿度"/>
            <Item language="ro_RO" str="湿度"/>
            <Item language="cs_CZ" str="湿度"/>
            <Item language="uk_UA" str="湿度"/>
            <Item language="sk_SK" str="湿度"/>
            <Item language="hu_HU" str="湿度"/>
            <Item language="ar_EG" str="湿度"/>
            <Item language="iw_IL" str="湿度"/>
            <Item language="zh_HK" str="湿度"/>
        </Translation>
        <Translation name="Translation7">
            <Item language="zh_CN" str="空气质量"/>
            <Item language="en_US" str="空气质量"/>
            <Item language="zh_TW" str="空气质量"/>
            <Item language="ja_JP" str="空气质量"/>
            <Item language="es_ES" str="空气质量"/>
            <Item language="fr_FR" str="空气质量"/>
            <Item language="de_DE" str="空气质量"/>
            <Item language="ru_RU" str="空气质量"/>
            <Item language="pt_BR" str="空气质量"/>
            <Item language="pt_PT" str="空气质量"/>
            <Item language="it_IT" str="空气质量"/>
            <Item language="ko_KR" str="空气质量"/>
            <Item language="tr_TR" str="空气质量"/>
            <Item language="nl_NL" str="空气质量"/>
            <Item language="th_TH" str="空气质量"/>
            <Item language="sv_SE" str="空气质量"/>
            <Item language="da_DK" str="空气质量"/>
            <Item language="vi_VN" str="空气质量"/>
            <Item language="nb_NO" str="空气质量"/>
            <Item language="pl_PL" str="空气质量"/>
            <Item language="fi_FI" str="空气质量"/>
            <Item language="in_ID" str="空气质量"/>
            <Item language="el_GR" str="空气质量"/>
            <Item language="ro_RO" str="空气质量"/>
            <Item language="cs_CZ" str="空气质量"/>
            <Item language="uk_UA" str="空气质量"/>
            <Item language="sk_SK" str="空气质量"/>
            <Item language="hu_HU" str="空气质量"/>
            <Item language="ar_EG" str="空气质量"/>
            <Item language="iw_IL" str="空气质量"/>
            <Item language="zh_HK" str="空气质量"/>
        </Translation>
        <Translation name="Translation8">
            <Item language="zh_CN" str="风力级别"/>
            <Item language="en_US" str="风力级别"/>
            <Item language="zh_TW" str="风力级别"/>
            <Item language="ja_JP" str="风力级别"/>
            <Item language="es_ES" str="风力级别"/>
            <Item language="fr_FR" str="风力级别"/>
            <Item language="de_DE" str="风力级别"/>
            <Item language="ru_RU" str="风力级别"/>
            <Item language="pt_BR" str="风力级别"/>
            <Item language="pt_PT" str="风力级别"/>
            <Item language="it_IT" str="风力级别"/>
            <Item language="ko_KR" str="风力级别"/>
            <Item language="tr_TR" str="风力级别"/>
            <Item language="nl_NL" str="风力级别"/>
            <Item language="th_TH" str="风力级别"/>
            <Item language="sv_SE" str="风力级别"/>
            <Item language="da_DK" str="风力级别"/>
            <Item language="vi_VN" str="风力级别"/>
            <Item language="nb_NO" str="风力级别"/>
            <Item language="pl_PL" str="风力级别"/>
            <Item language="fi_FI" str="风力级别"/>
            <Item language="in_ID" str="风力级别"/>
            <Item language="el_GR" str="风力级别"/>
            <Item language="ro_RO" str="风力级别"/>
            <Item language="cs_CZ" str="风力级别"/>
            <Item language="uk_UA" str="风力级别"/>
            <Item language="sk_SK" str="风力级别"/>
            <Item language="hu_HU" str="风力级别"/>
            <Item language="ar_EG" str="风力级别"/>
            <Item language="iw_IL" str="风力级别"/>
            <Item language="zh_HK" str="风力级别"/>
        </Translation>
        <Translation name="Translation9">
            <Item language="zh_CN" str="天气状况"/>
            <Item language="en_US" str="天气状况"/>
            <Item language="zh_TW" str="天气状况"/>
            <Item language="ja_JP" str="天气状况"/>
            <Item language="es_ES" str="天气状况"/>
            <Item language="fr_FR" str="天气状况"/>
            <Item language="de_DE" str="天气状况"/>
            <Item language="ru_RU" str="天气状况"/>
            <Item language="pt_BR" str="天气状况"/>
            <Item language="pt_PT" str="天气状况"/>
            <Item language="it_IT" str="天气状况"/>
            <Item language="ko_KR" str="天气状况"/>
            <Item language="tr_TR" str="天气状况"/>
            <Item language="nl_NL" str="天气状况"/>
            <Item language="th_TH" str="天气状况"/>
            <Item language="sv_SE" str="天气状况"/>
            <Item language="da_DK" str="天气状况"/>
            <Item language="vi_VN" str="天气状况"/>
            <Item language="nb_NO" str="天气状况"/>
            <Item language="pl_PL" str="天气状况"/>
            <Item language="fi_FI" str="天气状况"/>
            <Item language="in_ID" str="天气状况"/>
            <Item language="el_GR" str="天气状况"/>
            <Item language="ro_RO" str="天气状况"/>
            <Item language="cs_CZ" str="天气状况"/>
            <Item language="uk_UA" str="天气状况"/>
            <Item language="sk_SK" str="天气状况"/>
            <Item language="hu_HU" str="天气状况"/>
            <Item language="ar_EG" str="天气状况"/>
            <Item language="iw_IL" str="天气状况"/>
            <Item language="zh_HK" str="天气状况"/>
        </Translation>
        <Translation name="Translation10">
            <Item language="zh_CN" str="站立"/>
            <Item language="en_US" str="站立"/>
            <Item language="zh_TW" str="站立"/>
            <Item language="ja_JP" str="站立"/>
            <Item language="es_ES" str="站立"/>
            <Item language="fr_FR" str="站立"/>
            <Item language="de_DE" str="站立"/>
            <Item language="ru_RU" str="站立"/>
            <Item language="pt_BR" str="站立"/>
            <Item language="pt_PT" str="站立"/>
            <Item language="it_IT" str="站立"/>
            <Item language="ko_KR" str="站立"/>
            <Item language="tr_TR" str="站立"/>
            <Item language="nl_NL" str="站立"/>
            <Item language="th_TH" str="站立"/>
            <Item language="sv_SE" str="站立"/>
            <Item language="da_DK" str="站立"/>
            <Item language="vi_VN" str="站立"/>
            <Item language="nb_NO" str="站立"/>
            <Item language="pl_PL" str="站立"/>
            <Item language="fi_FI" str="站立"/>
            <Item language="in_ID" str="站立"/>
            <Item language="el_GR" str="站立"/>
            <Item language="ro_RO" str="站立"/>
            <Item language="cs_CZ" str="站立"/>
            <Item language="uk_UA" str="站立"/>
            <Item language="sk_SK" str="站立"/>
            <Item language="hu_HU" str="站立"/>
            <Item language="ar_EG" str="站立"/>
            <Item language="iw_IL" str="站立"/>
            <Item language="zh_HK" str="站立"/>
        </Translation>
        <Translation name="Translation11">
            <Item language="zh_CN" str="中高强度训练"/>
            <Item language="en_US" str="中高强度训练"/>
            <Item language="zh_TW" str="中高强度训练"/>
            <Item language="ja_JP" str="中高强度训练"/>
            <Item language="es_ES" str="中高强度训练"/>
            <Item language="fr_FR" str="中高强度训练"/>
            <Item language="de_DE" str="中高强度训练"/>
            <Item language="ru_RU" str="中高强度训练"/>
            <Item language="pt_BR" str="中高强度训练"/>
            <Item language="pt_PT" str="中高强度训练"/>
            <Item language="it_IT" str="中高强度训练"/>
            <Item language="ko_KR" str="中高强度训练"/>
            <Item language="tr_TR" str="中高强度训练"/>
            <Item language="nl_NL" str="中高强度训练"/>
            <Item language="th_TH" str="中高强度训练"/>
            <Item language="sv_SE" str="中高强度训练"/>
            <Item language="da_DK" str="中高强度训练"/>
            <Item language="vi_VN" str="中高强度训练"/>
            <Item language="nb_NO" str="中高强度训练"/>
            <Item language="pl_PL" str="中高强度训练"/>
            <Item language="fi_FI" str="中高强度训练"/>
            <Item language="in_ID" str="中高强度训练"/>
            <Item language="el_GR" str="中高强度训练"/>
            <Item language="ro_RO" str="中高强度训练"/>
            <Item language="cs_CZ" str="中高强度训练"/>
            <Item language="uk_UA" str="中高强度训练"/>
            <Item language="sk_SK" str="中高强度训练"/>
            <Item language="hu_HU" str="中高强度训练"/>
            <Item language="ar_EG" str="中高强度训练"/>
            <Item language="iw_IL" str="中高强度训练"/>
            <Item language="zh_HK" str="中高强度训练"/>
        </Translation>
        <Translation name="Translation12">
            <Item language="zh_CN" str="元气值"/>
            <Item language="en_US" str="元气值"/>
            <Item language="zh_TW" str="元气值"/>
            <Item language="ja_JP" str="元气值"/>
            <Item language="es_ES" str="元气值"/>
            <Item language="fr_FR" str="元气值"/>
            <Item language="de_DE" str="元气值"/>
            <Item language="ru_RU" str="元气值"/>
            <Item language="pt_BR" str="元气值"/>
            <Item language="pt_PT" str="元气值"/>
            <Item language="it_IT" str="元气值"/>
            <Item language="ko_KR" str="元气值"/>
            <Item language="tr_TR" str="元气值"/>
            <Item language="nl_NL" str="元气值"/>
            <Item language="th_TH" str="元气值"/>
            <Item language="sv_SE" str="元气值"/>
            <Item language="da_DK" str="元气值"/>
            <Item language="vi_VN" str="元气值"/>
            <Item language="nb_NO" str="元气值"/>
            <Item language="pl_PL" str="元气值"/>
            <Item language="fi_FI" str="元气值"/>
            <Item language="in_ID" str="元气值"/>
            <Item language="el_GR" str="元气值"/>
            <Item language="ro_RO" str="元气值"/>
            <Item language="cs_CZ" str="元气值"/>
            <Item language="uk_UA" str="元气值"/>
            <Item language="sk_SK" str="元气值"/>
            <Item language="hu_HU" str="元气值"/>
            <Item language="ar_EG" str="元气值"/>
            <Item language="iw_IL" str="元气值"/>
            <Item language="zh_HK" str="元气值"/>
        </Translation>
        <Translation name="Translation13">
            <Item language="zh_CN" str="睡眠"/>
            <Item language="en_US" str="睡眠"/>
            <Item language="zh_TW" str="睡眠"/>
            <Item language="ja_JP" str="睡眠"/>
            <Item language="es_ES" str="睡眠"/>
            <Item language="fr_FR" str="睡眠"/>
            <Item language="de_DE" str="睡眠"/>
            <Item language="ru_RU" str="睡眠"/>
            <Item language="pt_BR" str="睡眠"/>
            <Item language="pt_PT" str="睡眠"/>
            <Item language="it_IT" str="睡眠"/>
            <Item language="ko_KR" str="睡眠"/>
            <Item language="tr_TR" str="睡眠"/>
            <Item language="nl_NL" str="睡眠"/>
            <Item language="th_TH" str="睡眠"/>
            <Item language="sv_SE" str="睡眠"/>
            <Item language="da_DK" str="睡眠"/>
            <Item language="vi_VN" str="睡眠"/>
            <Item language="nb_NO" str="睡眠"/>
            <Item language="pl_PL" str="睡眠"/>
            <Item language="fi_FI" str="睡眠"/>
            <Item language="in_ID" str="睡眠"/>
            <Item language="el_GR" str="睡眠"/>
            <Item language="ro_RO" str="睡眠"/>
            <Item language="cs_CZ" str="睡眠"/>
            <Item language="uk_UA" str="睡眠"/>
            <Item language="sk_SK" str="睡眠"/>
            <Item language="hu_HU" str="睡眠"/>
            <Item language="ar_EG" str="睡眠"/>
            <Item language="iw_IL" str="睡眠"/>
            <Item language="zh_HK" str="睡眠"/>
        </Translation>
        <Translation name="Translation14">
            <Item language="zh_CN" str="压力"/>
            <Item language="en_US" str="压力"/>
            <Item language="zh_TW" str="压力"/>
            <Item language="ja_JP" str="压力"/>
            <Item language="es_ES" str="压力"/>
            <Item language="fr_FR" str="压力"/>
            <Item language="de_DE" str="压力"/>
            <Item language="ru_RU" str="压力"/>
            <Item language="pt_BR" str="压力"/>
            <Item language="pt_PT" str="压力"/>
            <Item language="it_IT" str="压力"/>
            <Item language="ko_KR" str="压力"/>
            <Item language="tr_TR" str="压力"/>
            <Item language="nl_NL" str="压力"/>
            <Item language="th_TH" str="压力"/>
            <Item language="sv_SE" str="压力"/>
            <Item language="da_DK" str="压力"/>
            <Item language="vi_VN" str="压力"/>
            <Item language="nb_NO" str="压力"/>
            <Item language="pl_PL" str="压力"/>
            <Item language="fi_FI" str="压力"/>
            <Item language="in_ID" str="压力"/>
            <Item language="el_GR" str="压力"/>
            <Item language="ro_RO" str="压力"/>
            <Item language="cs_CZ" str="压力"/>
            <Item language="uk_UA" str="压力"/>
            <Item language="sk_SK" str="压力"/>
            <Item language="hu_HU" str="压力"/>
            <Item language="ar_EG" str="压力"/>
            <Item language="iw_IL" str="压力"/>
            <Item language="zh_HK" str="压力"/>
        </Translation>
        <Translation name="Translation15">
            <Item language="zh_CN" str="血氧"/>
            <Item language="en_US" str="血氧"/>
            <Item language="zh_TW" str="血氧"/>
            <Item language="ja_JP" str="血氧"/>
            <Item language="es_ES" str="血氧"/>
            <Item language="fr_FR" str="血氧"/>
            <Item language="de_DE" str="血氧"/>
            <Item language="ru_RU" str="血氧"/>
            <Item language="pt_BR" str="血氧"/>
            <Item language="pt_PT" str="血氧"/>
            <Item language="it_IT" str="血氧"/>
            <Item language="ko_KR" str="血氧"/>
            <Item language="tr_TR" str="血氧"/>
            <Item language="nl_NL" str="血氧"/>
            <Item language="th_TH" str="血氧"/>
            <Item language="sv_SE" str="血氧"/>
            <Item language="da_DK" str="血氧"/>
            <Item language="vi_VN" str="血氧"/>
            <Item language="nb_NO" str="血氧"/>
            <Item language="pl_PL" str="血氧"/>
            <Item language="fi_FI" str="血氧"/>
            <Item language="in_ID" str="血氧"/>
            <Item language="el_GR" str="血氧"/>
            <Item language="ro_RO" str="血氧"/>
            <Item language="cs_CZ" str="血氧"/>
            <Item language="uk_UA" str="血氧"/>
            <Item language="sk_SK" str="血氧"/>
            <Item language="hu_HU" str="血氧"/>
            <Item language="ar_EG" str="血氧"/>
            <Item language="iw_IL" str="血氧"/>
            <Item language="zh_HK" str="血氧"/>
        </Translation>
        <Translation name="Translation16">
            <Item language="zh_CN" str="心率"/>
            <Item language="en_US" str="心率"/>
            <Item language="zh_TW" str="心率"/>
            <Item language="ja_JP" str="心率"/>
            <Item language="es_ES" str="心率"/>
            <Item language="fr_FR" str="心率"/>
            <Item language="de_DE" str="心率"/>
            <Item language="ru_RU" str="心率"/>
            <Item language="pt_BR" str="心率"/>
            <Item language="pt_PT" str="心率"/>
            <Item language="it_IT" str="心率"/>
            <Item language="ko_KR" str="心率"/>
            <Item language="tr_TR" str="心率"/>
            <Item language="nl_NL" str="心率"/>
            <Item language="th_TH" str="心率"/>
            <Item language="sv_SE" str="心率"/>
            <Item language="da_DK" str="心率"/>
            <Item language="vi_VN" str="心率"/>
            <Item language="nb_NO" str="心率"/>
            <Item language="pl_PL" str="心率"/>
            <Item language="fi_FI" str="心率"/>
            <Item language="in_ID" str="心率"/>
            <Item language="el_GR" str="心率"/>
            <Item language="ro_RO" str="心率"/>
            <Item language="cs_CZ" str="心率"/>
            <Item language="uk_UA" str="心率"/>
            <Item language="sk_SK" str="心率"/>
            <Item language="hu_HU" str="心率"/>
            <Item language="ar_EG" str="心率"/>
            <Item language="iw_IL" str="心率"/>
            <Item language="zh_HK" str="心率"/>
        </Translation>
        <Image name="Image1" src="_preview/指针表盘亮屏预览图.png" compressMethod="RLEReversed" format="indexed8"/>
        <Image name="Image2" src="_widget/9ea3c66.png" compressMethod="RLEReversed" format="indexed8"/>
        <Image name="Image3" src="_widget/aba58df.png" compressMethod="RLEReversed" format="indexed8"/>
        <Image name="Image4" src="52d1005.png" compressMethod="RLEReversed" format="indexed8"/>
        <Image name="Image5" src="a7bbe3e.png" compressMethod="RLEReversed" format="indexed8"/>
        <Image name="Image6" src="54bc18c.png" compressMethod="RLEReversed" format="indexed8"/>
        <Image name="Image7" src="_widget/51623da.png" compressMethod="RLEReversed" format="indexed8"/>
        <Image name="Image8" src="195ae30.png" compressMethod="RLEReversed" format="indexed8"/>
        <Image name="Image9" src="_emptyImage.png" compressMethod="RLEReversed" format="indexed8"/>
        <Image name="Image10" src="_widget/74f958c.png" compressMethod="RLEReversed" format="indexed8"/>
        <Image name="Image11" src="_widget/9c37cae.png" compressMethod="RLEReversed" format="indexed8"/>
        <Image name="Image12" src="45cc24b.png" compressMethod="RLEReversed" format="indexed8"/>
        <Image name="Image13" src="_widget/fc7688a.png" compressMethod="RLEReversed" format="indexed8"/>
        <Image name="Image14" src="c89b4cf.png" compressMethod="RLEReversed" format="indexed8"/>
        <Image name="Image15" src="e26224a.png" compressMethod="RLEReversed" format="indexed8"/>
        <Image name="Image16" src="653cea7.png" compressMethod="RLEReversed" format="indexed8"/>
        <Image name="Image17" src="1ba9ac3.png" compressMethod="RLEReversed" format="indexed8"/>
        <Image name="Image18" src="_widget/3e70df8.png" compressMethod="RLEReversed" format="indexed8"/>
        <Image name="Image19" src="_widget/902e277.png" compressMethod="RLEReversed" format="indexed8"/>
        <Image name="Image20" src="e80e680.png" compressMethod="RLEReversed" format="indexed8"/>
        <Image name="Image21" src="ea1a1c8.png" compressMethod="RLEReversed" format="indexed8"/>
        <Image name="Image22" src="21e6bec.png" compressMethod="RLEReversed" format="indexed8"/>
        <Image name="Image23" src="1578522.png" compressMethod="RLEReversed" format="indexed8"/>
        <Image name="Image24" src="_widget/666acab.png" compressMethod="RLEReversed" format="indexed8"/>
        <Image name="Image25" src="8bb901b.png" compressMethod="RLEReversed" format="indexed8"/>
        <Image name="Image26" src="_widget/dedd1a2.png" compressMethod="RLEReversed" format="indexed8"/>
        <Image name="Image27" src="c16ff92.png" compressMethod="RLEReversed" format="indexed8"/>
        <Image name="Image28" src="_widget/876a0fe.png" compressMethod="RLEReversed" format="indexed8"/>
        <Image name="Image29" src="fa63b7f.png" compressMethod="RLEReversed" format="indexed8"/>
        <Image name="Image30" src="_widget/ad121d6.png" compressMethod="RLEReversed" format="indexed8"/>
        <Image name="Image31" src="_widget/e0fa257.png" compressMethod="RLEReversed" format="indexed8"/>
        <Image name="Image32" src="073376a.png" compressMethod="RLEReversed" format="indexed8"/>
        <Image name="Image33" src="daa66af.png" compressMethod="RLEReversed" format="indexed8"/>
        <Image name="Image34" src="_widget/092f94e.png" compressMethod="RLEReversed" format="indexed8"/>
        <Image name="Image35" src="1184d0a.png" compressMethod="RLEReversed" format="indexed8"/>
        <Image name="Image36" src="_widget/ae40b85.png" compressMethod="RLEReversed" format="indexed8"/>
        <Image name="Image37" src="929ea3f.png" compressMethod="RLEReversed" format="indexed8"/>
        <Image name="Image38" src="_widget/7f18454.png" compressMethod="RLEReversed" format="indexed8"/>
        <Image name="Image39" src="69cf461.png" compressMethod="RLEReversed" format="indexed8"/>
        <Image name="Image40" src="_widget/83bead1.png" compressMethod="RLEReversed" format="indexed8"/>
        <Image name="Image41" src="_widget/e483387.png" compressMethod="RLEReversed" format="indexed8"/>
        <Image name="Image42" src="d4027b9.png" compressMethod="RLEReversed" format="indexed8"/>
        <Image name="Image43" src="_widget/029b4a4.png" compressMethod="RLEReversed" format="indexed8"/>
        <Image name="Image44" src="686f199.png" compressMethod="RLEReversed" format="indexed8"/>
        <Image name="Image45" src="e90c945.png" compressMethod="RLEReversed" format="indexed8"/>
        <Image name="Image46" src="1578972.png" compressMethod="RLEReversed" format="indexed8"/>
        <Image name="Image47" src="d686eb2.png" compressMethod="RLEReversed" format="indexed8"/>
        <Image name="Image48" src="_preview/数字表盘亮屏预览图.png" compressMethod="RLEReversed" format="indexed8"/>
        <Image name="Image49" src="_widget/020fa6f.png" compressMethod="RLEReversed" format="indexed8"/>
        <Image name="Image50" src="f9728b8.png" compressMethod="RLEReversed" format="indexed8"/>
        <ImageArray name="ImageArray1" compressMethod="RLEReversed" format="indexed8">
            <Image src="Normal/010072e.png"/>
            <Image src="Normal/cce6fbb.png"/>
        </ImageArray>
        <ImageArray name="ImageArray2" compressMethod="RLEReversed" format="indexed8">
            <Image src="Normal/3787ca6.png"/>
            <Image src="Normal/e8dbe87.png"/>
            <Image src="Normal/e2130f7.png"/>
            <Image src="Normal/de0f4c3.png"/>
            <Image src="Normal/38557b3.png"/>
            <Image src="Normal/c683cd1.png"/>
            <Image src="Normal/9cf4981.png"/>
            <Image src="Normal/102f2f1.png"/>
        </ImageArray>
        <ImageArray name="ImageArray3" compressMethod="RLEReversed" format="indexed8">
            <Image src="Normal/149f797.png"/>
            <Image src="Normal/0bbeee3.png"/>
            <Image src="Normal/01fa423.png"/>
            <Image src="Normal/449c77d.png"/>
            <Image src="Normal/5ccb1ff.png"/>
            <Image src="Normal/4cbddfa.png"/>
            <Image src="Normal/96d30a9.png"/>
            <Image src="Normal/96d30a9.png"/>
            <Image src="Normal/96d30a9.png"/>
            <Image src="Normal/4cbddfa.png"/>
            <Image src="Normal/4cbddfa.png"/>
            <Image src="Normal/4cbddfa.png"/>
            <Image src="Normal/35c3237.png"/>
            <Image src="Normal/96d30a9.png"/>
            <Image src="Normal/57373f8.png"/>
            <Image src="Normal/57373f8.png"/>
            <Image src="Normal/35c3237.png"/>
            <Image src="Normal/4ffad22.png"/>
        </ImageArray>
        <ImageArray name="ImageArray4" compressMethod="RLEReversed" format="indexed8">
            <Image src="Normal/20b551f.png"/>
            <Image src="Normal/2e541d0.png"/>
            <Image src="Normal/7ec0683.png"/>
            <Image src="Normal/cef0b62.png"/>
            <Image src="Normal/9cf7d82.png"/>
        </ImageArray>
        <ImageArray name="ImageArray5" compressMethod="RLEReversed" format="indexed8">
            <Image src="Numbers/0_80e4494.png"/>
            <Image src="Numbers/1_466d7fe.png"/>
            <Image src="Numbers/2_456c0e2.png"/>
            <Image src="Numbers/3_fefd66e.png"/>
            <Image src="Numbers/4_436308c.png"/>
            <Image src="Numbers/5_4d474e2.png"/>
            <Image src="Numbers/6_8bf8150.png"/>
            <Image src="Numbers/7_7045234.png"/>
            <Image src="Numbers/8_855cc2b.png"/>
            <Image src="Numbers/9_fa37b79.png"/>
        </ImageArray>
        <ImageArray name="ImageArray6" compressMethod="RLEReversed" format="indexed8">
            <Image src="Outlined/6ecb9c6.png"/>
            <Image src="Outlined/ee54114.png"/>
            <Image src="Outlined/3da382b.png"/>
            <Image src="Outlined/132d9d8.png"/>
            <Image src="Outlined/1edcd04.png"/>
            <Image src="Outlined/20864f8.png"/>
            <Image src="Outlined/44ebefd.png"/>
            <Image src="Outlined/fc11dbb.png"/>
            <Image src="Outlined/d104f14.png"/>
            <Image src="Outlined/552d779.png"/>
        </ImageArray>
        <DataItemArcProgressBar name="ArcProgressBar1" source="healthCalorieProgress" ref="@Image4" bg="@Image5" endingStyle="round" valueStart="0" valueRange="100" indicatorImage="" supportRecolor="false" renderRule="alwaysShow" angleStart="90" angleRange="180" pivotX="94" pivotY="94" barWidth="12" barRadius="88" indicatorRadius="0"/>
        <DataItemText name="Text1" w="46" h="21" rotation="0" fontId="notosans" fontSize="16" fontWeight="regular" color="#8dd88b" style="normal" align="center" letterSpace="0" longMode="dot" string="%d">
            <Content source="healthCalorieValue"/>
        </DataItemText>
        <Widget name="Widget1" widgetName="@Translation1" groupType="general" editBox="@Image2" preview="@Image3">
            <Item ref="@ArcProgressBar1" x="1" y="2"/>
            <Item ref="@Image6" x="175" y="71"/>
            <Item ref="@Text1" x="71" y="150"/>
        </Widget>
        <DataItemArcProgressBar name="ArcProgressBar2" source="healthStepProgress" ref="@Image4" bg="@Image5" endingStyle="round" valueStart="0" valueRange="100" indicatorImage="" supportRecolor="false" renderRule="alwaysShow" angleStart="90" angleRange="180" pivotX="94" pivotY="94" barWidth="12" barRadius="88" indicatorRadius="0"/>
        <DataItemText name="Text2" w="46" h="21" rotation="0" fontId="notosans" fontSize="16" fontWeight="regular" color="#8dd88b" style="normal" align="center" letterSpace="0" longMode="dot" string="%d">
            <Content source="healthStepCount"/>
        </DataItemText>
        <Widget name="Widget2" widgetName="@Translation2" groupType="general" editBox="@Image2" preview="@Image7">
            <Item ref="@ArcProgressBar2" x="1" y="2"/>
            <Item ref="@Image8" x="175" y="71"/>
            <Item ref="@Text2" x="71" y="150"/>
        </Widget>
        <Widget name="Widget3" widgetName="无" groupType="none" w="188" h="188" editBox="@Image2" preview="@Image9">
            <Item x="0" y="0" ref="@Image9"/>
        </Widget>
        <Slot name="Slot1" type="widget">
            <Item ref="@Widget2"/>
            <Item ref="@Widget3"/>
            <Item ref="@Widget1"/>
        </Slot>
        <DataItemArcProgressBar name="ArcProgressBar3" source="healthCalorieProgress" ref="@Image4" bg="@Image12" endingStyle="round" valueStart="0" valueRange="100" indicatorImage="" supportRecolor="false" renderRule="alwaysShow" angleStart="-90" angleRange="180" pivotX="94" pivotY="94" barWidth="12" barRadius="88" indicatorRadius="0"/>
        <Widget name="Widget4" widgetName="@Translation3" groupType="general" editBox="@Image10" preview="@Image11">
            <Item ref="@ArcProgressBar3" x="2" y="2"/>
            <Item ref="@Image6" x="0" y="105"/>
        </Widget>
        <DataItemArcProgressBar name="ArcProgressBar4" source="healthStepProgress" ref="@Image4" bg="@Image12" endingStyle="round" valueStart="0" valueRange="100" indicatorImage="" supportRecolor="false" renderRule="alwaysShow" angleStart="-90" angleRange="180" pivotX="94" pivotY="94" barWidth="12" barRadius="88" indicatorRadius="0"/>
        <Widget name="Widget5" widgetName="@Translation4" groupType="general" editBox="@Image10" preview="@Image13">
            <Item ref="@ArcProgressBar4" x="2" y="2"/>
            <Item ref="@Image8" x="0" y="105"/>
        </Widget>
        <Widget name="Widget6" widgetName="无" groupType="none" w="188" h="188" editBox="@Image10" preview="@Image9">
            <Item x="0" y="0" ref="@Image9"/>
        </Widget>
        <Slot name="Slot2" type="widget">
            <Item ref="@Widget4"/>
            <Item ref="@Widget6"/>
            <Item ref="@Widget5"/>
        </Slot>
        <DataItemText name="Text3" w="43" h="21" rotation="0" fontId="notosans" fontSize="16" fontWeight="regular" color="#8dd88b" style="normal" align="left" letterSpace="0" longMode="dot" string="%02d/%02d">
            <Content source="dateMonth"/>
            <Content source="dateDay"/>
        </DataItemText>
        <DataItemText name="Text4" w="1023" h="1023" rotation="0" fontId="notosans" fontSize="16" fontWeight="regular" color="#8dd88b" style="normal" align="left" letterSpace="0" longMode="dot" string="%s">
            <Content source="dateWeekStringShortPascalEN"/>
        </DataItemText>
        <Widget name="Widget7" widgetName="日期" groupType="general" jumpApp="perpetualcalendar" w="79" h="22">
            <Item ref="@Text3" x="39" y="0"/>
            <Item ref="@Text4" x="0" y="0"/>
        </Widget>
        <DataItemPointer name="Pointer1" source="timeHour" ref="@Image14" pivotX="88" pivotY="88" supportRecolor="false" renderRule="alwaysShow" angleStart="15" angleRange="0" valueStart="0" valueRange="24"/>
        <DataItemPointer name="Pointer2" source="timeHour" ref="@Image15" pivotX="48" pivotY="48" supportRecolor="false" renderRule="alwaysShow" angleStart="0" angleRange="720" valueStart="0" valueRange="24"/>
        <DataItemPointer name="Pointer3" source="timeMinute" ref="@Image16" pivotX="58" pivotY="58" supportRecolor="false" renderRule="alwaysShow" angleStart="0" angleRange="360" valueStart="0" valueRange="60"/>
        <DataItemPointer name="Pointer4" source="timeSecond" ref="@Image17" pivotX="76" pivotY="76" supportRecolor="false" renderRule="alwaysShow" angleStart="0" angleRange="360" valueStart="0" valueRange="60" parameter="1000"/>
        <Widget name="Widget8" widgetName="表盘" groupType="general">
            <Item ref="@Pointer1" x="0" y="0"/>
            <Item ref="@Pointer2" x="40" y="40"/>
            <Item ref="@Pointer3" x="30" y="30"/>
            <Item ref="@Pointer4" x="12" y="12"/>
        </Widget>
        <DataItemImageValues name="ImageValues1" source="systemStatusBluetooth" ref="@ImageArray1" rotation="0" supportRecolor="false"/>
        <DataItemImageValues name="ImageValues2" source="systemStatusBattery" ref="@ImageArray2" rotation="0" supportRecolor="false">
            <Param value="0"/>
            <Param value="10"/>
            <Param value="24"/>
            <Param value="38"/>
            <Param value="52"/>
            <Param value="66"/>
            <Param value="80"/>
            <Param value="96"/>
        </DataItemImageValues>
        <Widget name="Widget9" widgetName="状态栏" groupType="general" w="91" h="24" flex_direction="row" justify_content="center" align_items="center" align_content="center" gap="0">
            <Item ref="@ImageValues1"/>
            <Item ref="@ImageValues2"/>
        </Widget>
        <Widget name="Widget10" widgetName="指针表盘" groupType="general">
            <Item ref="@Widget7" x="49" y="222"/>
            <Item ref="@Widget8" x="0" y="40"/>
            <Item ref="@Widget9" x="43" y="10"/>
        </Widget>
        <DataItemArcProgressBar name="ArcProgressBar5" source="weatherCurrentUVIndex" ref="@Image20" bg="@Image21" endingStyle="round" valueStart="0" valueRange="15" indicatorImage="@Image22" supportRecolor="false" renderRule="alwaysShow" angleStart="232" angleRange="256" pivotX="32" pivotY="32" barWidth="12" barRadius="25.5" indicatorRadius="25.5"/>
        <DataItemText name="Text5" w="31" h="21" rotation="0" fontId="notosans" fontSize="16" fontWeight="regular" color="#8dd88b" style="normal" align="center" letterSpace="0" longMode="dot" string="%d">
            <Content source="weatherCurrentUVIndex"/>
        </DataItemText>
        <Widget name="Widget11" widgetName="@Translation5" groupType="general" editBox="@Image18" preview="@Image19" jumpApp="weather" w="64" h="64">
            <Item ref="@ArcProgressBar5" x="0" y="0"/>
            <Item ref="@Image23" x="20" y="40"/>
            <Item ref="@Text5" x="17" y="22"/>
        </Widget>
        <DataItemArcProgressBar name="ArcProgressBar6" source="weatherCurrentHumidity" ref="@Image20" bg="@Image21" endingStyle="round" valueStart="0" valueRange="100" indicatorImage="@Image22" supportRecolor="false" renderRule="alwaysShow" angleStart="232" angleRange="256" pivotX="32" pivotY="32" barWidth="12" barRadius="25.5" indicatorRadius="25.5"/>
        <DataItemText name="Text6" w="31" h="21" rotation="0" fontId="notosans" fontSize="16" fontWeight="regular" color="#8dd88b" style="normal" align="center" letterSpace="0" longMode="dot" string="%d">
            <Content source="weatherCurrentHumidity"/>
        </DataItemText>
        <Widget name="Widget12" widgetName="@Translation6" groupType="general" editBox="@Image18" preview="@Image24" jumpApp="weather" w="64" h="64">
            <Item ref="@ArcProgressBar6" x="0" y="0"/>
            <Item ref="@Image25" x="20" y="40"/>
            <Item ref="@Text6" x="17" y="22"/>
        </Widget>
        <DataItemArcProgressBar name="ArcProgressBar7" source="weatherCurrentWindLevel" ref="@Image20" bg="@Image21" endingStyle="round" valueStart="0" valueRange="12" indicatorImage="@Image22" supportRecolor="false" renderRule="alwaysShow" angleStart="232" angleRange="256" pivotX="32" pivotY="32" barWidth="12" barRadius="25.5" indicatorRadius="25.5"/>
        <DataItemText name="Text7" w="31" h="21" rotation="0" fontId="notosans" fontSize="16" fontWeight="regular" color="#8dd88b" style="normal" align="center" letterSpace="0" longMode="dot" string="%d">
            <Content source="weatherCurrentAirQualityIndex"/>
        </DataItemText>
        <Widget name="Widget13" widgetName="@Translation7" groupType="general" editBox="@Image18" preview="@Image26" jumpApp="weather" w="64" h="64">
            <Item ref="@ArcProgressBar7" x="0" y="0"/>
            <Item ref="@Image27" x="20" y="40"/>
            <Item ref="@Text7" x="17" y="22"/>
        </Widget>
        <DataItemText name="Text8" w="31" h="21" rotation="0" fontId="notosans" fontSize="16" fontWeight="regular" color="#8dd88b" style="normal" align="center" letterSpace="0" longMode="dot" string="%d">
            <Content source="weatherCurrentWindLevel"/>
        </DataItemText>
        <Widget name="Widget14" widgetName="@Translation8" groupType="general" editBox="@Image18" preview="@Image28" jumpApp="weather" w="64" h="64">
            <Item ref="@ArcProgressBar7" x="0" y="0"/>
            <Item ref="@Image29" x="20" y="40"/>
            <Item ref="@Text8" x="17" y="22"/>
        </Widget>
        <DataItemArcProgressBar name="ArcProgressBar8" source="weatherCurrentTemperature" ref="@Image20" bg="@Image21" endingStyle="round" valueStart="weatherTodayTemperatureMin" valueRange="weatherTodayTemperatureMax" indicatorImage="@Image22" supportRecolor="false" renderRule="alwaysShow" angleStart="232" angleRange="256" pivotX="32" pivotY="32" barWidth="12" barRadius="25.5" indicatorRadius="25.5"/>
        <DataItemImageValues name="ImageValues3" source="weatherCurrentWeather" ref="@ImageArray3" rotation="0" supportRecolor="false">
            <Param value="0"/>
            <Param value="1"/>
            <Param value="2"/>
            <Param value="4"/>
            <Param value="5"/>
            <Param value="6"/>
            <Param value="7"/>
            <Param value="8"/>
            <Param value="9"/>
            <Param value="13"/>
            <Param value="15"/>
            <Param value="16"/>
            <Param value="18"/>
            <Param value="19"/>
            <Param value="20"/>
            <Param value="29"/>
            <Param value="53"/>
            <Param value="99"/>
        </DataItemImageValues>
        <DataItemText name="Text9" w="31" h="21" rotation="0" fontId="notosans" fontSize="16" fontWeight="regular" color="#8dd88b" style="normal" align="center" letterSpace="0" longMode="dot" string="%d°">
            <Content source="weatherCurrentTemperature"/>
        </DataItemText>
        <Widget name="Widget15" widgetName="@Translation9" groupType="general" editBox="@Image18" preview="@Image30" jumpApp="weather" w="64" h="64">
            <Item ref="@ArcProgressBar8" x="0" y="0"/>
            <Item ref="@ImageValues3" x="20" y="40"/>
            <Item ref="@Text9" x="17" y="22"/>
        </Widget>
        <DataItemArcProgressBar name="ArcProgressBar9" source="healthStandProgress" ref="@Image20" bg="@Image32" endingStyle="round" valueStart="0" valueRange="100" indicatorImage="" supportRecolor="false" renderRule="alwaysShow" angleStart="232" angleRange="256" pivotX="32" pivotY="32" barWidth="12" barRadius="25.5" indicatorRadius="25.5"/>
        <DataItemText name="Text10" w="31" h="21" rotation="0" fontId="notosans" fontSize="16" fontWeight="regular" color="#8dd88b" style="normal" align="center" letterSpace="0" longMode="dot" string="%d">
            <Content source="healthStandCount"/>
        </DataItemText>
        <Widget name="Widget16" widgetName="@Translation10" groupType="general" editBox="@Image18" preview="@Image31" jumpApp="sport" w="64" h="64">
            <Item ref="@ArcProgressBar9" x="0" y="0"/>
            <Item ref="@Image33" x="20" y="40"/>
            <Item ref="@Text10" x="17" y="22"/>
        </Widget>
        <DataItemArcProgressBar name="ArcProgressBar10" source="healthExerciseProgress" ref="@Image20" bg="@Image32" endingStyle="round" valueStart="0" valueRange="100" indicatorImage="" supportRecolor="false" renderRule="alwaysShow" angleStart="232" angleRange="256" pivotX="32" pivotY="32" barWidth="12" barRadius="25.5" indicatorRadius="25.5"/>
        <DataItemText name="Text11" w="28" h="22" rotation="0" fontId="notosans" fontSize="16" fontWeight="regular" color="#8dd88b" style="normal" align="center" letterSpace="0" longMode="dot" string="%d">
            <Content source="healthExerciseDuration"/>
        </DataItemText>
        <Widget name="Widget17" widgetName="@Translation11" groupType="general" editBox="@Image18" preview="@Image34" jumpApp="sport" w="64" h="64">
            <Item ref="@ArcProgressBar10" x="0" y="0"/>
            <Item ref="@Image35" x="20" y="40"/>
            <Item ref="@Text11" x="18" y="21"/>
        </Widget>
        <DataItemArcProgressBar name="ArcProgressBar11" source="healthMiscSevenDaysVitalityValue" ref="@Image20" bg="@Image32" endingStyle="round" valueStart="0" valueRange="100" indicatorImage="" supportRecolor="false" renderRule="alwaysShow" angleStart="232" angleRange="256" pivotX="32" pivotY="32" barWidth="12" barRadius="25.5" indicatorRadius="25.5"/>
        <DataItemText name="Text12" w="31" h="21" rotation="0" fontId="notosans" fontSize="16" fontWeight="regular" color="#8dd88b" style="normal" align="center" letterSpace="0" longMode="dot" string="%d">
            <Content source="healthMiscSevenDaysVitalityValue"/>
        </DataItemText>
        <Widget name="Widget18" widgetName="@Translation12" groupType="general" editBox="@Image18" preview="@Image36" jumpApp="vitalityValue" w="64" h="64">
            <Item ref="@ArcProgressBar11" x="0" y="0"/>
            <Item ref="@Image37" x="20" y="40"/>
            <Item ref="@Text12" x="17" y="22"/>
        </Widget>
        <DataItemArcProgressBar name="ArcProgressBar12" source="healthSleepTargetProgress" ref="@Image20" bg="@Image32" endingStyle="round" valueStart="0" valueRange="100" indicatorImage="" supportRecolor="false" renderRule="alwaysShow" angleStart="232" angleRange="256" pivotX="32" pivotY="32" barWidth="12" barRadius="25.5" indicatorRadius="25.5"/>
        <DataItemText name="Text13" w="31" h="21" rotation="0" fontId="notosans" fontSize="16" fontWeight="regular" color="#8dd88b" style="normal" align="center" letterSpace="0" longMode="dot" string="%.1f">
            <Content source="healthSleepDuration"/>
        </DataItemText>
        <Widget name="Widget19" widgetName="@Translation13" groupType="general" editBox="@Image18" preview="@Image38" jumpApp="sleep" w="64" h="64">
            <Item ref="@ArcProgressBar12" x="0" y="0"/>
            <Item ref="@Image39" x="20" y="40"/>
            <Item ref="@Text13" x="17" y="22"/>
        </Widget>
        <DataItemArcProgressBar name="ArcProgressBar13" source="healthPressureIndex" ref="@Image20" bg="@Image21" endingStyle="round" valueStart="0" valueRange="100" indicatorImage="@Image22" supportRecolor="false" renderRule="alwaysShow" angleStart="232" angleRange="256" pivotX="32" pivotY="32" barWidth="12" barRadius="25.5" indicatorRadius="25.5"/>
        <DataItemImageValues name="ImageValues4" source="healthPressureIndex" ref="@ImageArray4" rotation="0" supportRecolor="false" hasInvalidValueImage="true">
            <Param value="0"/>
            <Param value="26"/>
            <Param value="51"/>
            <Param value="81"/>
            <Param value="INT_MAX"/>
        </DataItemImageValues>
        <DataItemText name="Text14" w="31" h="21" rotation="0" fontId="notosans" fontSize="16" fontWeight="regular" color="#8dd88b" style="normal" align="center" letterSpace="0" longMode="dot" string="%d">
            <Content source="healthPressureIndex"/>
        </DataItemText>
        <Widget name="Widget20" widgetName="@Translation14" groupType="general" editBox="@Image18" preview="@Image40" jumpApp="pressure" w="64" h="64">
            <Item ref="@ArcProgressBar13" x="0" y="0"/>
            <Item ref="@ImageValues4" x="20" y="40"/>
            <Item ref="@Text14" x="17" y="22"/>
        </Widget>
        <DataItemArcProgressBar name="ArcProgressBar14" source="healthOxygenSpO2" ref="@Image20" bg="@Image21" endingStyle="round" valueStart="90" valueRange="10" indicatorImage="@Image22" supportRecolor="false" renderRule="alwaysShow" angleStart="232" angleRange="256" pivotX="32" pivotY="32" barWidth="12" barRadius="25.5" indicatorRadius="25.5"/>
        <DataItemText name="Text15" w="31" h="21" rotation="0" fontId="notosans" fontSize="16" fontWeight="regular" color="#8dd88b" style="normal" align="center" letterSpace="0" longMode="dot" string="%d">
            <Content source="healthOxygenSpO2"/>
        </DataItemText>
        <Widget name="Widget21" widgetName="@Translation15" groupType="general" editBox="@Image18" preview="@Image41" jumpApp="SpO2" w="64" h="64">
            <Item ref="@ArcProgressBar14" x="0" y="0"/>
            <Item ref="@Image42" x="22" y="40"/>
            <Item ref="@Text15" x="17" y="22"/>
        </Widget>
        <DataItemArcProgressBar name="ArcProgressBar15" source="healthHeartRate" ref="@Image20" bg="@Image21" endingStyle="round" valueStart="healthHeartRateMin" valueRange="healthHeartRateMax" indicatorImage="@Image22" supportRecolor="false" renderRule="alwaysShow" angleStart="232" angleRange="256" pivotX="32" pivotY="32" barWidth="12" barRadius="25.5" indicatorRadius="25.5"/>
        <DataItemText name="Text16" w="31" h="21" rotation="0" fontId="notosans" fontSize="16" fontWeight="regular" color="#8dd88b" style="normal" align="center" letterSpace="0" longMode="dot" string="%d">
            <Content source="healthHeartRate"/>
        </DataItemText>
        <Widget name="Widget22" widgetName="@Translation16" groupType="general" editBox="@Image18" preview="@Image43" jumpApp="heartrate" w="64" h="64">
            <Item ref="@ArcProgressBar15" x="0" y="0"/>
            <Item ref="@Image44" x="20" y="40"/>
            <Item ref="@Text16" x="17" y="22"/>
        </Widget>
        <Widget name="Widget23" widgetName="无" groupType="none" w="64" h="64" editBox="@Image18" preview="@Image9">
            <Item x="0" y="0" ref="@Image9"/>
        </Widget>
        <Slot name="Slot3" type="widget">
            <Item ref="@Widget17"/>
            <Item ref="@Widget23"/>
            <Item ref="@Widget22"/>
            <Item ref="@Widget21"/>
            <Item ref="@Widget20"/>
            <Item ref="@Widget19"/>
            <Item ref="@Widget18"/>
            <Item ref="@Widget16"/>
            <Item ref="@Widget15"/>
            <Item ref="@Widget14"/>
            <Item ref="@Widget13"/>
            <Item ref="@Widget12"/>
            <Item ref="@Widget11"/>
        </Slot>
        <Slot name="Slot4" type="widget">
            <Item ref="@Widget19"/>
            <Item ref="@Widget23"/>
            <Item ref="@Widget22"/>
            <Item ref="@Widget21"/>
            <Item ref="@Widget20"/>
            <Item ref="@Widget18"/>
            <Item ref="@Widget17"/>
            <Item ref="@Widget16"/>
            <Item ref="@Widget15"/>
            <Item ref="@Widget14"/>
            <Item ref="@Widget13"/>
            <Item ref="@Widget12"/>
            <Item ref="@Widget11"/>
        </Slot>
        <Slot name="Slot5" type="widget">
            <Item ref="@Widget15"/>
            <Item ref="@Widget23"/>
            <Item ref="@Widget22"/>
            <Item ref="@Widget21"/>
            <Item ref="@Widget20"/>
            <Item ref="@Widget19"/>
            <Item ref="@Widget18"/>
            <Item ref="@Widget17"/>
            <Item ref="@Widget16"/>
            <Item ref="@Widget14"/>
            <Item ref="@Widget13"/>
            <Item ref="@Widget12"/>
            <Item ref="@Widget11"/>
        </Slot>
        <Slot name="Slot6" type="widget">
            <Item ref="@Widget22"/>
            <Item ref="@Widget23"/>
            <Item ref="@Widget21"/>
            <Item ref="@Widget20"/>
            <Item ref="@Widget19"/>
            <Item ref="@Widget18"/>
            <Item ref="@Widget17"/>
            <Item ref="@Widget16"/>
            <Item ref="@Widget15"/>
            <Item ref="@Widget14"/>
            <Item ref="@Widget13"/>
            <Item ref="@Widget12"/>
            <Item ref="@Widget11"/>
        </Slot>
        <DataItemPointer name="Pointer5" source="timeHour" ref="@Image45" pivotX="88" pivotY="88" supportRecolor="false" renderRule="alwaysShow" angleStart="15" angleRange="0" valueStart="0" valueRange="24"/>
        <DataItemPointer name="Pointer6" source="timeHour" ref="@Image46" pivotX="48" pivotY="48" supportRecolor="false" renderRule="alwaysShow" angleStart="0" angleRange="720" valueStart="0" valueRange="24"/>
        <DataItemPointer name="Pointer7" source="timeMinute" ref="@Image47" pivotX="58" pivotY="58" supportRecolor="false" renderRule="alwaysShow" angleStart="0" angleRange="360" valueStart="0" valueRange="60"/>
        <Widget name="Widget24" widgetName="表盘" groupType="general">
            <Item ref="@Pointer5" x="0" y="0"/>
            <Item ref="@Pointer6" x="40" y="40"/>
            <Item ref="@Pointer7" x="30" y="30"/>
        </Widget>
        <Widget name="Widget25" widgetName="指针表盘" groupType="general">
            <Item ref="@Widget24" x="0" y="40"/>
        </Widget>
        <Widget name="Widget26" widgetName="@Translation1" groupType="general" editBox="@Image49" preview="@Image3">
            <Item ref="@ArcProgressBar1" x="1" y="2"/>
            <Item ref="@Image6" x="175" y="71"/>
            <Item ref="@Text1" x="71" y="150"/>
        </Widget>
        <Widget name="Widget27" widgetName="@Translation2" groupType="general" editBox="@Image49" preview="@Image7">
            <Item ref="@ArcProgressBar2" x="1" y="2"/>
            <Item ref="@Image8" x="175" y="71"/>
            <Item ref="@Text2" x="71" y="150"/>
        </Widget>
        <Widget name="Widget28" widgetName="无" groupType="none" w="188" h="188" editBox="@Image49" preview="@Image9">
            <Item x="0" y="0" ref="@Image9"/>
        </Widget>
        <Slot name="Slot7" type="widget">
            <Item ref="@Widget27"/>
            <Item ref="@Widget28"/>
            <Item ref="@Widget26"/>
        </Slot>
        <DataItemImageNumber name="ImageNumber1" source="timeMinute" ref="@ImageArray5" rotation="0" supportRecolor="false" unitIcon="" leadingZero="true" decimalOffsetX="0" totalDigits="2" decimalDigits="0" trailingZero="false" parameter="1000" renderRule="alwaysShow" align="left" space="0"/>
        <DataItemImageNumber name="ImageNumber2" source="timeHour24H" ref="@ImageArray5" rotation="0" supportRecolor="false" unitIcon="" leadingZero="true" decimalOffsetX="0" totalDigits="2" decimalDigits="0" trailingZero="false" parameter="1000" renderRule="alwaysShow" align="left" space="0"/>
        <Widget name="Widget29" widgetName="时间内容" groupType="general">
            <Item ref="@ImageNumber1" x="0" y="102"/>
            <Item ref="@ImageNumber2" x="0" y="22"/>
            <Item ref="@Widget7" x="25" y="0"/>
        </Widget>
        <Widget name="Widget30" widgetName="数字表盘" groupType="general">
            <Item ref="@Image50" x="8" y="0"/>
            <Item ref="@Widget9" x="43" y="210"/>
            <Item ref="@Widget29" x="24" y="21"/>
        </Widget>
        <DataItemImageNumber name="ImageNumber3" source="timeMinute" ref="@ImageArray6" rotation="0" supportRecolor="false" unitIcon="" leadingZero="true" decimalOffsetX="0" totalDigits="2" decimalDigits="0" trailingZero="false" parameter="1000" renderRule="alwaysShow" align="left" space="0"/>
        <DataItemImageNumber name="ImageNumber4" source="timeHour24H" ref="@ImageArray6" rotation="0" supportRecolor="false" unitIcon="" leadingZero="true" decimalOffsetX="0" totalDigits="2" decimalDigits="0" trailingZero="false" parameter="1000" renderRule="alwaysShow" align="left" space="0"/>
        <Widget name="Widget31" widgetName="时间内容" groupType="general">
            <Item ref="@ImageNumber3" x="0" y="102"/>
            <Item ref="@ImageNumber4" x="0" y="22"/>
        </Widget>
        <Widget name="Widget32" widgetName="数字表盘" groupType="general">
            <Item ref="@Widget31" x="24" y="21"/>
        </Widget>
    </Resources>
    <Theme type="normal" name="指针表盘" bgColor="#000000" isPhotoAlbumWatchface="false" preview="@Image1">
        <Layout ref="@Slot1" x="0" y="298"/>
        <Layout ref="@Slot2" x="0" y="0"/>
        <Layout ref="@Widget10" x="8" y="116"/>
        <Layout ref="@Slot3" x="104" y="378"/>
        <Layout ref="@Slot4" x="24" y="378"/>
        <Layout ref="@Slot5" x="104" y="56"/>
        <Layout ref="@Slot6" x="24" y="56"/>
    </Theme>
    <Theme type="AOD" name="指针表盘" bgColor="#000000" isPhotoAlbumWatchface="false">
        <Layout ref="@Widget25" x="8" y="116"/>
    </Theme>
    <Theme type="normal" name="数字表盘" bgColor="#000000" isPhotoAlbumWatchface="false" preview="@Image48">
        <Layout ref="@Slot7" x="0" y="298"/>
        <Layout ref="@Slot2" x="0" y="0"/>
        <Layout ref="@Widget30" x="8" y="116"/>
        <Layout ref="@Slot3" x="104" y="378"/>
        <Layout ref="@Slot4" x="24" y="378"/>
        <Layout ref="@Slot5" x="104" y="56"/>
        <Layout ref="@Slot6" x="24" y="56"/>
    </Theme>
    <Theme type="AOD" name="数字表盘" bgColor="#000000" isPhotoAlbumWatchface="false">
        <Layout ref="@Widget32" x="8" y="116"/>
    </Theme>
</Watchface>