[
	{
		"name": "protocol",
		"type": 1,
		"value": [
			"1.8.10"
		]
	},
	{
		"name": "resolution",
		"type": 2,
		"value": [
			"XMHD05"
		]
	},
	{
		"name": "region",
		"type": 2,
		"value": [
			"CN"
		]
	},
	{
		"name": "packet",
		"type": 2,
		"value": [
			"BIN"
		]
	},
	{
		"name": "image_compress",
		"type": 3,
		"value": [
			"01"
		]
	},
	{
		"name": "image_fmt",
		"type": 3,
		"value": [
			"00000000000000001"
		]
	},
	{
		"name": "data_source",
		"type": 3,
		"value": [
			"10010010000001000000100100000000,00000000000000000000000000000000,00000000010000010010001101101100,00010101110000000000111001100001,00000000000000000000000000000000,0000000001001"
		]
	}
]