<?xml version="1.0" encoding="utf-8"?>
<watch>
	<shape>run</shape>
	<name>Material You Green</name>
	<deviceType>N66</deviceType>
	<version>1.0.0</version>
	<size>192x490</size>
	<author>Nmcma</author>
	<pkgName>000000000000</pkgName>
	<_id>084f2430b4ace30af4c0c85f828bb2b9</_id>
	<imageFormat>indexed8</imageFormat>
	<imageCompression>true</imageCompression>
	<editorVersion>1.0.0</editorVersion>
	<webVersionCreatedAt>2024-10-14T09:43:35+08:00</webVersionCreatedAt>
	<editorVersionCreatedAt>1.0.0</editorVersionCreatedAt>
	<webVersionUpdatedAt>2024-11-28T17:16:12+08:00</webVersionUpdatedAt>
	<editorVersionUpdatedAt>1.0.0</editorVersionUpdatedAt>
	<imageArrayRamMethod>whole</imageArrayRamMethod>
	<_recolorEnable>false</_recolorEnable>
	<webVersionExportAt>2024-11-28T17:16:12+08:00</webVersionExportAt>
	<editorVersionExportAt>1.0.0</editorVersionExportAt>
</watch>